{
  "timestamp": "2026-04-05T23:11:19.709Z",
  "environment": {
    "runtime": "Bun 1.3.6",
    "dom": "happy-dom"
  },
  "frameworks": {
    "scrml": {
      "initial-render": {
        "median": 1.7814455000000038,
        "mean": 1.7849244000000013,
        "p95": 2.188101000000003,
        "min": 1.3948720000000066,
        "max": 2.188101000000003
      },
      "create-1000": {
        "median": 30.123128500000007,
        "mean": 30.472348100000012,
        "p95": 33.308021,
        "min": 27.176716999999996,
        "max": 33.308021
      },
      "replace-1000": {
        "median": 30.498320499999977,
        "mean": 31.512311599999997,
        "p95": 35.69063899999992,
        "min": 27.178744999999935,
        "max": 35.69063899999992
      },
      "partial-update": {
        "median": 0.5402269999999589,
        "mean": 0.5308135999999649,
        "p95": 0.5850910000001477,
        "min": 0.4449290000000019,
        "max": 0.5850910000001477
      },
      "delete-every-10th": {
        "median": 1.3009165000000849,
        "mean": 1.3333765000000768,
        "p95": 1.5109360000001288,
        "min": 1.1606759999999667,
        "max": 1.5109360000001288
      },
      "clear-all": {
        "median": 5.409808999999996,
        "mean": 5.455388499999981,
        "p95": 5.843210999999883,
        "min": 5.3016319999996995,
        "max": 5.843210999999883
      },
      "select-row": {
        "median": 0.006790999999793712,
        "mean": 0.006628299999965748,
        "p95": 0.009700000000066211,
        "min": 0.004351000000042404,
        "max": 0.009700000000066211
      },
      "swap-rows": {
        "median": 9.559354499999927,
        "mean": 9.565514200000099,
        "p95": 9.817193999999745,
        "min": 9.347737999999936,
        "max": 9.817193999999745
      },
      "remove-row": {
        "median": 0.7268644999999196,
        "mean": 0.7381632000000536,
        "p95": 0.8724709999996776,
        "min": 0.6472280000007231,
        "max": 0.8724709999996776
      },
      "create-10000": {
        "median": 290.20718900000065,
        "mean": 287.5039974000003,
        "p95": 305.44993500000055,
        "min": 261.33036100000027,
        "max": 305.44993500000055
      },
      "append-1000": {
        "median": 30.425728500000332,
        "mean": 30.370776599999864,
        "p95": 31.12558799999988,
        "min": 29.869619000000057,
        "max": 31.12558799999988
      }
    },
    "React 19": {
      "initial-render": {
        "median": 0.5647120000000001,
        "mean": 0.5724876000000023,
        "p95": 0.6708650000000063,
        "min": 0.4732709999999969,
        "max": 0.6708650000000063
      },
      "create-1000": {
        "median": 39.425793,
        "mean": 40.527107999999984,
        "p95": 46.67452800000001,
        "min": 36.38281599999999,
        "max": 46.67452800000001
      },
      "replace-1000": {
        "median": 39.669366999999966,
        "mean": 41.58708739999997,
        "p95": 49.454799000000094,
        "min": 38.90588099999991,
        "max": 49.454799000000094
      },
      "partial-update": {
        "median": 18.04219000000012,
        "mean": 18.89626159999998,
        "p95": 23.072599000000082,
        "min": 16.510455999999976,
        "max": 23.072599000000082
      },
      "delete-every-10th": {
        "median": 15.935432999999875,
        "mean": 16.196666400000005,
        "p95": 18.30546500000014,
        "min": 15.136664999999994,
        "max": 18.30546500000014
      },
      "clear-all": {
        "median": 2.8587850000003527,
        "mean": 3.0802558000000317,
        "p95": 4.01852800000006,
        "min": 2.806923999999981,
        "max": 4.01852800000006
      },
      "select-row": {
        "median": 2.6333749999998872,
        "mean": 2.6844120000000657,
        "p95": 2.92129100000011,
        "min": 2.5758190000001377,
        "max": 2.92129100000011
      },
      "swap-rows": {
        "median": 24.948619000000235,
        "mean": 25.314952799999993,
        "p95": 28.06189399999994,
        "min": 23.218281999999817,
        "max": 28.06189399999994
      },
      "remove-row": {
        "median": 16.933366000000206,
        "mean": 17.189205200000107,
        "p95": 18.66802800000005,
        "min": 16.04104899999993,
        "max": 18.66802800000005
      },
      "create-10000": {
        "median": 400.9194299999999,
        "mean": 402.3416316666665,
        "p95": 423.38434999999936,
        "min": 382.7211150000003,
        "max": 423.38434999999936
      },
      "append-1000": {
        "median": 53.97157999999945,
        "mean": 52.192986799999744,
        "p95": 57.8890709999996,
        "min": 45.49959200000012,
        "max": 57.8890709999996
      }
    },
    "Svelte 5": {
      "initial-render": {
        "median": 0.5392579999999896,
        "mean": 0.5819538000000023,
        "p95": 0.7651190000000128,
        "min": 0.4337770000000063,
        "max": 0.7651190000000128
      },
      "create-1000": {
        "median": 18.33808400000001,
        "mean": 19.916515600000007,
        "p95": 23.178792000000016,
        "min": 17.556551000000013,
        "max": 23.178792000000016
      },
      "replace-1000": {
        "median": 21.525078000000008,
        "mean": 22.238369000000013,
        "p95": 24.549654999999973,
        "min": 20.165481999999997,
        "max": 24.549654999999973
      },
      "partial-update": {
        "median": 8.526512000000025,
        "mean": 9.282663600000001,
        "p95": 11.161332000000016,
        "min": 8.207212000000027,
        "max": 11.161332000000016
      },
      "delete-every-10th": {
        "median": 8.924572000000126,
        "mean": 9.024468400000046,
        "p95": 10.331252000000063,
        "min": 8.150975000000017,
        "max": 10.331252000000063
      },
      "clear-all": {
        "median": 4.949331999999913,
        "mean": 4.902558199999976,
        "p95": 6.026000999999951,
        "min": 4.11872900000003,
        "max": 6.026000999999951
      },
      "select-row": {
        "median": 0.025701999999910186,
        "mean": 0.025169599999981074,
        "p95": 0.03016099999990729,
        "min": 0.019636999999875115,
        "max": 0.03016099999990729
      },
      "swap-rows": {
        "median": 15.259684000000107,
        "mean": 15.167993800000023,
        "p95": 15.318430000000035,
        "min": 14.953984999999875,
        "max": 15.318430000000035
      },
      "remove-row": {
        "median": 8.487795000000006,
        "mean": 8.544587399999955,
        "p95": 9.798948999999993,
        "min": 7.346945000000005,
        "max": 9.798948999999993
      },
      "create-10000": {
        "median": 203.6648110000001,
        "mean": 191.9517976666666,
        "p95": 207.14845000000014,
        "min": 165.04213199999958,
        "max": 207.14845000000014
      },
      "append-1000": {
        "median": 23.130538000000342,
        "mean": 23.523281600000153,
        "p95": 25.20548400000007,
        "min": 22.48198599999978,
        "max": 25.20548400000007
      }
    },
    "Vue 3": {
      "initial-render": {
        "median": 0.5098700000000065,
        "mean": 0.5451632000000075,
        "p95": 0.6348040000000026,
        "min": 0.48186800000001995,
        "max": 0.6348040000000026
      },
      "create-1000": {
        "median": 33.74233899999996,
        "mean": 33.05242779999999,
        "p95": 36.39902999999998,
        "min": 29.936953000000017,
        "max": 36.39902999999998
      },
      "replace-1000": {
        "median": 33.49321500000008,
        "mean": 32.67461240000002,
        "p95": 34.230909,
        "min": 28.674904000000083,
        "max": 34.230909
      },
      "partial-update": {
        "median": 2.314644000000044,
        "mean": 2.3511964000000263,
        "p95": 2.5824780000000374,
        "min": 2.197020000000066,
        "max": 2.5824780000000374
      },
      "delete-every-10th": {
        "median": 2.5019079999999576,